Datetime,Water Level (m)
2026-06-07 12:00:00,0.9653985
2026-06-07 13:00:00,0.85742354
2026-06-07 14:00:00,0.59792197
2026-06-07 15:00:00,0.35959393
2026-06-07 16:00:00,0.16311176
2026-06-07 17:00:00,0.015054337
2026-06-07 18:00:00,-0.10628562
2026-06-07 19:00:00,-0.18407577
2026-06-07 20:00:00,-0.1253519
2026-06-07 21:00:00,0.18196318
2026-06-07 22:00:00,0.45303562
2026-06-07 23:00:00,0.6661177
2026-06-08 00:00:00,0.78544164
2026-06-08 01:00:00,0.77266973
2026-06-08 02:00:00,0.59328324
2026-06-08 03:00:00,0.35819963
2026-06-08 04:00:00,0.15403454
2026-06-08 05:00:00,-0.0035031924
2026-06-08 06:00:00,-0.11653429
2026-06-08 07:00:00,-0.15565011
2026-06-08 08:00:00,0.0046407776
2026-06-08 09:00:00,0.30426618
2026-06-08 10:00:00,0.5906954
2026-06-08 11:00:00,0.8445566
2026-06-08 12:00:00,1.002169
2026-06-08 13:00:00,1.0063897
2026-06-08 14:00:00,0.8541779
2026-06-08 15:00:00,0.5980131
2026-06-08 16:00:00,0.36597177
2026-06-08 17:00:00,0.17393261
2026-06-08 18:00:00,0.021940634
2026-06-08 19:00:00,-0.10128887
2026-06-08 20:00:00,-0.18069932
2026-06-08 21:00:00,-0.11858273
2026-06-08 22:00:00,0.18789196
2026-06-08 23:00:00,0.4523406
2026-06-09 00:00:00,0.6785906
2026-06-09 01:00:00,0.82273185
2026-06-09 02:00:00,0.8451868
2026-06-09 03:00:00,0.7114905
2026-06-09 04:00:00,0.48154977
2026-06-09 05:00:00,0.27237555
2026-06-09 06:00:00,0.10673993
2026-06-09 07:00:00,-0.008021631
2026-06-09 08:00:00,-0.053877626
2026-06-09 09:00:00,0.09589624
2026-06-09 10:00:00,0.38742125
2026-06-09 11:00:00,0.65678704
2026-06-09 12:00:00,0.8697354
2026-06-09 13:00:00,1.001462
2026-06-09 14:00:00,1.0070248
2026-06-09 15:00:00,0.8564837
2026-06-09 16:00:00,0.6141684
2026-06-09 17:00:00,0.38547623
2026-06-09 18:00:00,0.19281779
2026-06-09 19:00:00,0.035536222
2026-06-09 20:00:00,-0.09812729
2026-06-09 21:00:00,-0.1839852
2026-06-09 22:00:00,-0.12602276
2026-06-09 23:00:00,0.22294885
2026-06-10 00:00:00,0.51986265
2026-06-10 01:00:00,0.77137095
2026-06-10 02:00:00,0.9339695
2026-06-10 03:00:00,0.9712462
2026-06-10 04:00:00,0.8571344
2026-06-10 05:00:00,0.6207836
2026-06-10 06:00:00,0.4001281
2026-06-10 07:00:00,0.22464424
2026-06-10 08:00:00,0.09236891
2026-06-10 09:00:00,0.0073845107
2026-06-10 10:00:00,0.044807106
2026-06-10 11:00:00,0.3257591
2026-06-10 12:00:00,0.6292622
2026-06-10 13:00:00,0.8795013
2026-06-10 14:00:00,1.0348355
2026-06-10 15:00:00,1.0540582
2026-06-10 16:00:00,0.909869
2026-06-10 17:00:00,0.6567497
2026-06-10 18:00:00,0.42057157
2026-06-10 19:00:00,0.21873437
2026-06-10 20:00:00,0.05412618
2026-06-10 21:00:00,-0.08569388
2026-06-10 22:00:00,-0.18200336
2026-06-10 23:00:00,-0.14472456
2026-06-11 00:00:00,0.2239945
2026-06-11 01:00:00,0.564852
2026-06-11 02:00:00,0.8662744
2026-06-11 03:00:00,1.0654639
2026-06-11 04:00:00,1.1260294
2026-06-11 05:00:00,1.0087733
2026-06-11 06:00:00,0.74118555
2026-06-11 07:00:00,0.49822366
2026-06-11 08:00:00,0.2970442
2026-06-11 09:00:00,0.1416303
2026-06-11 10:00:00,0.027052071
2026-06-11 11:00:00,-0.012774091
2026-06-11 12:00:00,0.22281441
2026-06-11 13:00:00,0.57138526
2026-06-11 14:00:00,0.8564275
2026-06-11 15:00:00,1.0438311
2026-06-11 16:00:00,1.087609
2026-06-11 17:00:00,0.9501901
2026-06-11 18:00:00,0.6808156
2026-06-11 19:00:00,0.43275526
2026-06-11 20:00:00,0.21965875
2026-06-11 21:00:00,0.046558823
2026-06-11 22:00:00,-0.10636644
2026-06-11 23:00:00,-0.22515851
2026-06-12 00:00:00,-0.23041652
2026-06-12 01:00:00,0.16008087
2026-06-12 02:00:00,0.5522617
2026-06-12 03:00:00,0.90400845
2026-06-12 04:00:00,1.1453044
2026-06-12 05:00:00,1.2305018
2026-06-12 06:00:00,1.102581
2026-06-12 07:00:00,0.7902559
2026-06-12 08:00:00,0.51507354
2026-06-12 09:00:00,0.28804007
2026-06-12 10:00:00,0.115701295
2026-06-12 11:00:00,-0.024345014
2026-06-12 12:00:00,-0.105314605
2026-06-12 13:00:00,0.062633336
2026-06-12 14:00:00,0.47077447
2026-06-12 15:00:00,0.79732937
2026-06-12 16:00:00,1.0358062
2026-06-12 17:00:00,1.1182922
2026-06-12 18:00:00,0.9863089
2026-06-12 19:00:00,0.6964593
2026-06-12 20:00:00,0.42982683
2026-06-12 21:00:00,0.20014107
2026-06-12 22:00:00,0.019493688
2026-06-12 23:00:00,-0.1341042
2026-06-13 00:00:00,-0.2603092
2026-06-13 01:00:00,-0.2328478
2026-06-13 02:00:00,0.2324114
2026-06-13 03:00:00,0.64171195
2026-06-13 04:00:00,1.0108978
2026-06-13 05:00:00,1.2586536
2026-06-13 06:00:00,1.3394278
2026-06-13 07:00:00,1.1781361
2026-06-13 08:00:00,0.8463019
2026-06-13 09:00:00,0.5621319
2026-06-13 10:00:00,0.32665482
2026-06-13 11:00:00,0.14050704
2026-06-13 12:00:00,-0.0157517
